rc_nm,E0_MHz,E1_MHz,E2_MHz,E0_abs_MHz,n_negative,delta15_MHz,delta15_abs_MHz,delta15_pct,inside_13_17_MHz_band,is_reference_point
24.0,-20.85210157791425,-13.853162707261616,-6.898922245597531,20.85210157791425,4,5.852101577914251,5.852101577914251,39.01401051942834,False,False
24.1,-20.48002217579869,-13.55586485255935,-6.681522375419264,20.48002217579869,4,5.480022175798691,5.480022175798691,36.533481171991276,False,False
24.2,-20.115697062862633,-13.26504097825182,-6.46908613247706,20.115697062862633,4,5.115697062862633,5.115697062862633,34.10464708575089,False,False
24.3,-19.758932285793886,-12.980521371174289,-6.261473122448478,19.758932285793886,4,4.758932285793886,4.758932285793886,31.726215238625908,False,False
24.4,-19.409539493305598,-12.70214136972845,-6.0585473840683335,19.409539493305598,4,4.409539493305598,4.409539493305598,29.396929955370652,False,False
24.5,-19.067335753040428,-12.42974119617338,-5.860177239180303,19.067335753040428,4,4.067335753040428,4.067335753040428,27.115571686936185,False,False
24.6,-18.732143375137642,-12.163165795161147,-5.666235148263694,18.732143375137642,4,3.7321433751376425,3.7321433751376425,24.880955834250948,False,False
24.7,-18.403789742290424,-11.902264678185931,-5.476597571309866,18.403789742290424,4,3.4037897422904244,3.4037897422904244,22.691931615269496,False,False
24.8,-18.082107145864025,-11.646891773755668,-5.291144833800899,18.082107145864025,3,3.0821071458640255,3.0821071458640255,20.547380972426836,False,False
24.9,-17.76693262803474,-11.396905283066188,-5.1097609975049645,17.76693262803474,3,2.7669326280347413,2.7669326280347413,18.446217520231606,False,False
25.0,-17.45810782957506,-11.152167540877597,-4.932333736010151,17.45810782957506,3,2.4581078295750594,2.4581078295750594,16.387385530500396,False,False
25.1,-17.155478843048517,-10.912544881492979,-4.75875421470937,17.155478843048517,3,2.155478843048517,2.155478843048517,14.369858953656777,False,False
25.166667,-16.95709326948872,-10.755573123237808,-4.6451193894163225,16.95709326948872,3,1.9570932694887198,1.9570932694887198,13.047288463258132,True,False
25.2,-16.85889607134141,-10.677907509539184,-4.5889169751108065,16.85889607134141,3,1.8588960713414089,1.8588960713414089,12.392640475609392,True,False
25.3,-16.568214091129445,-10.448129375404276,-4.422719823211991,16.568214091129445,3,1.5682140911294447,1.5682140911294447,10.454760607529632,True,False
25.4,-16.283291521226605,-10.223088055122387,-4.260063721893858,16.283291521226605,3,1.2832915212266052,1.2832915212266052,8.555276808177366,True,False
25.5,-16.003990895595958,-10.002664634591381,-4.100852687089174,16.003990895595958,3,1.0039908955959582,1.0039908955959582,6.693272637306388,True,False
25.6,-15.730178540769883,-9.786743597843271,-3.9449936876053466,15.730178540769883,3,0.7301785407698826,0.7301785407698826,4.867856938465885,True,False
25.7,-15.461724457628407,-9.57521271929272,-3.792396548394208,15.461724457628407,3,0.4617244576284065,0.4617244576284065,3.0781630508560434,True,False
25.8,-15.198502207223102,-9.367962959794566,-3.642973857303332,15.198502207223102,3,0.1985022072231022,0.1985022072231022,1.3233480481540145,True,False
25.876730807,-14.999999970076713,-9.21177491756407,-3.5304199125284863,14.999999970076713,3,-2.992328695938795e-08,2.992328695938795e-08,1.9948857972925302e-07,True,True
25.9,-14.940388800635448,-9.164888366335619,-3.4966408749141924,14.940388800635448,3,-0.05961119936455184,0.05961119936455184,0.3974079957636789,True,False
26.0,-14.687264592596879,-8.965885975215317,-3.353315447594468,14.687264592596879,3,-0.312735407403121,0.312735407403121,2.0849027160208067,True,False
26.1,-14.439013178845013,-8.770855718635174,-3.2129179234862026,14.439013178845013,3,-0.5609868211549873,0.5609868211549873,3.739912141033249,True,False
26.166667,-14.276162476774514,-8.642993510459744,-3.1209074939406487,14.276162476774514,3,-0.7238375232254857,0.7238375232254857,4.825583488169904,True,False
26.2,-14.195521296866897,-8.579700334482366,-3.0753710713606774,14.195521296866897,3,-0.8044787031331033,0.8044787031331033,5.363191354220689,True,False
26.3,-13.956678730223757,-8.392325279276521,-2.9406000023091114,13.956678730223757,3,-1.0433212697762428,1.0433212697762428,6.955475131841619,True,False
26.4,-13.722378215980822,-8.208638644056007,-2.808532093948997,13.722378215980822,3,-1.2776217840191784,1.2776217840191784,8.517478560127856,True,False
26.5,-13.492515355342219,-8.02855107317828,-2.679096917320749,13.492515355342219,3,-1.5074846446577812,1.5074846446577812,10.049897631051874,True,False
26.6,-13.266988527319882,-7.8519756859086565,-2.552226166209038,13.266988527319882,3,-1.7330114726801185,1.7330114726801185,11.553409817867456,True,False
26.666667,-13.118996519257966,-7.736167583062524,-2.469037133613711,13.118996519257966,3,-1.8810034807420344,1.8810034807420344,12.540023204946896,True,False
26.7,-13.045698805276514,-7.678828000581235,-2.427853588765174,13.045698805276514,3,-1.9543011947234863,1.9543011947234863,13.028674631489908,True,False
26.8,-12.828549876298895,-7.509025861479131,-2.305914921555995,12.828549876298895,3,-2.1714501237011046,2.1714501237011046,14.476334158007365,False,False
26.833333,-12.757071508786792,-7.453155286450964,-2.2657991390669845,12.757071508786792,3,-2.242928491213208,2.242928491213208,14.952856608088052,False,False
26.9,-12.615447963252338,-7.3424893680103205,-2.1863478256373123,12.615447963252338,3,-2.384552036747662,2.384552036747662,15.897013578317747,False,False
27.0,-12.406301749419981,-7.1791408063882045,-2.0690918249156316,12.406301749419981,3,-2.593698250580019,2.593698250580019,17.29132167053346,False,False
27.1,-12.201022305675908,-7.018904583535006,-1.9540882464598324,12.201022305675908,3,-2.7989776943240923,2.7989776943240923,18.659851295493947,False,False
27.2,-11.999523020019295,-6.861707163182472,-1.8412801627973747,11.999523020019295,3,-3.0004769799807054,3.0004769799807054,20.003179866538037,False,False
27.3,-11.80171952949331,-6.707477004144495,-1.7306123361349823,11.80171952949331,3,-3.19828047050669,3.19828047050669,21.321869803377933,False,False
27.4,-11.607529654268545,-6.5561445005669166,-1.622031164411055,11.607529654268545,3,-3.3924703457314553,3.3924703457314553,22.616468971543036,False,False
27.5,-11.416873333932928,-6.407641924169184,-1.5154846291052309,11.416873333932928,3,-3.5831266660670718,3.5831266660670718,23.887511107113813,False,False
27.6,-11.229672565833425,-6.261903368395908,-1.4109222447759746,11.229672565833425,3,-3.7703274341665747,3.7703274341665747,25.135516227777163,False,False
27.7,-11.045851345418667,-6.118864694367402,-1.3082950102352695,11.045851345418667,3,-3.954148654581333,3.954148654581333,26.36099103054222,False,False
27.8,-10.86533560852058,-5.978463478616503,-1.2075553613622103,10.86533560852058,3,-4.13466439147942,4.13466439147942,27.56442927652947,False,False
27.9,-10.68805317550232,-5.8406389624551585,-1.1086571253736113,10.68805317550232,3,-4.31194682449768,4.31194682449768,28.746312163317864,False,False
28.0,-10.51393369715606,-5.705332003078184,-1.0115554766807693,10.51393369715606,3,-4.486066302843939,4.486066302843939,29.907108685626262,False,False
